StartDate,EndDate,Status,IPAddress,Progress,Duration (in seconds),Finished,RecordedDate,ResponseId,RecipientLastName,RecipientFirstName,RecipientEmail,ExternalReference,LocationLatitude,LocationLongitude,DistributionChannel,UserLanguage,Q_RecaptchaScore,Q1,Q2,Q38,Q39,Q37,Q40,Q36,Q3,Q4,Q5,Q6,Q7,8B,9B,10B,11B,12B,13B,14B,15B,16B,17B,8A,9A,10A,11A,12A,13A,14A,15A,16A,17A,SC0
Start Date,End Date,Response Type,IP Address,Progress,Duration (in seconds),Finished,Recorded Date,Response ID,Recipient Last Name,Recipient First Name,Recipient Email,External Data Reference,Location Latitude,Location Longitude,Distribution Channel,User Language,Q_RecaptchaScore,"Thank you for participating in this survey - we greatly appreciate it! The survey should take less than 10 minutes to complete. 



The first series of questions are solely for data analysis purposes. We will not collect any personally identifiable information and the survey is completely anonymous.





Which gender do you identify with?",Are you a registered voter?,Did you vote in the 2012 election?,Did you vote in the 2016 election?,What is your marital status ?,What is your primary language of communication?,What is your annual household income?,What is your age group?,What is your politicial affiliation?,What is your highest level of education?,What ethnicity do you identify as?,Do you consider yourself to be active on social media platforms?,"Disclaimer: Content on social media may contain false or misleading information. Please exercise your best judgment when evaluating the accuracy of content viewed on social media. 



 

Do you believe that the content of the above post is true?","Disclaimer: Content on social media may contain false or misleading information. Please exercise your best judgment when evaluating the accuracy of content viewed on social media. 









 

 

Do you believe that the content of the above post is true?","Disclaimer: Content on social media may contain false or misleading information. Please exercise your best judgment when evaluating the accuracy of content viewed on social media.





 

 

Do you believe that the content of the above post is true?","Disclaimer: Content on social media may contain false or misleading information. Please exercise your best judgment when evaluating the accuracy of content viewed on social media.





 

 

Do you believe that the content of the above post is true?","Disclaimer: Content on social media may contain false or misleading information. Please exercise your best judgment when evaluating the accuracy of content viewed on social media.





 

 

Do you believe that the content of the above post is true?","Disclaimer: Content on social media may contain false or misleading information. Please exercise your best judgment when evaluating the accuracy of content viewed on social media.





 

 

Do you believe that the content of the above post is true?","Disclaimer: Content on social media may contain false or misleading information. Please exercise your best judgment when evaluating the accuracy of content viewed on social media.





 

 

Do you believe that the content of the above post is true?","Disclaimer: Content on social media may contain false or misleading information. Please exercise your best judgment when evaluating the accuracy of content viewed on social media.





 

 

Do you believe that the content of the above post is true?","Disclaimer: Content on social media may contain false or misleading information. Please exercise your best judgment when evaluating the accuracy of content viewed on social media.





 

 

Do you believe that the content of the above post is true?","Disclaimer: Content on social media may contain false or misleading information. Please exercise your best judgment when evaluating the accuracy of content viewed on social media.





 

 

Do you believe that the content of the above post is true?",Do you believe that the content of the above post is true?,Do you believe that the content of the above post is true?,Do you believe that the content of the above post is true?,Do you believe that the content of the above post is true?,Do you believe that the content of the above post is true?,Do you believe that the content of the above post is true?,Do you believe that the content of the above post is true?,Do you believe that the content of the above post is true?,Do you believe that the content of the above post is true?,Do you believe that the content of the above post is true?,Score
"{""ImportId"":""startDate"",""timeZone"":""America/Denver""}","{""ImportId"":""endDate"",""timeZone"":""America/Denver""}","{""ImportId"":""status""}","{""ImportId"":""ipAddress""}","{""ImportId"":""progress""}","{""ImportId"":""duration""}","{""ImportId"":""finished""}","{""ImportId"":""recordedDate"",""timeZone"":""America/Denver""}","{""ImportId"":""_recordId""}","{""ImportId"":""recipientLastName""}","{""ImportId"":""recipientFirstName""}","{""ImportId"":""recipientEmail""}","{""ImportId"":""externalDataReference""}","{""ImportId"":""locationLatitude""}","{""ImportId"":""locationLongitude""}","{""ImportId"":""distributionChannel""}","{""ImportId"":""userLanguage""}","{""ImportId"":""Q_RecaptchaScore""}","{""ImportId"":""QID7""}","{""ImportId"":""QID8""}","{""ImportId"":""QID47""}","{""ImportId"":""QID48""}","{""ImportId"":""QID46""}","{""ImportId"":""QID49""}","{""ImportId"":""QID45""}","{""ImportId"":""QID9""}","{""ImportId"":""QID10""}","{""ImportId"":""QID19""}","{""ImportId"":""QID20""}","{""ImportId"":""QID18""}","{""ImportId"":""QID14""}","{""ImportId"":""QID23""}","{""ImportId"":""QID24""}","{""ImportId"":""QID25""}","{""ImportId"":""QID26""}","{""ImportId"":""QID27""}","{""ImportId"":""QID28""}","{""ImportId"":""QID29""}","{""ImportId"":""QID30""}","{""ImportId"":""QID31""}","{""ImportId"":""QID32""}","{""ImportId"":""QID33""}","{""ImportId"":""QID34""}","{""ImportId"":""QID35""}","{""ImportId"":""QID36""}","{""ImportId"":""QID37""}","{""ImportId"":""QID38""}","{""ImportId"":""QID39""}","{""ImportId"":""QID40""}","{""ImportId"":""QID41""}","{""ImportId"":""SC_0HSbxnqpbvZl5m5""}"
2020-07-26 10:25:44,2020-07-26 10:28:53,IP Address,67.164.33.244,100,189,True,2020-07-26 10:28:53,R_br5IvDCZR513btD,,,,,37.250701904296875,-121.83599853515625,anonymous,EN,0.90000000000000002220446049250313080847263336181640625,Female,Yes,Yes,Yes,Single,English,$60000 - $150000,21-40,Democrat,Graduate degree,Asian,Yes,,,,,,,,,,,No,Yes,No,Yes,Yes,No,Yes,Yes,No,No,8
2020-07-26 10:25:35,2020-07-26 10:30:30,IP Address,24.0.92.149,100,295,True,2020-07-26 10:30:30,R_82OaBXS2FJSl7RD,,,,,40.43060302734375,-74.40200042724609375,anonymous,EN,0.6999999999999999555910790149937383830547332763671875,Male,No,No,No,Married,English,$150000 - $250000,21-40,Democrat,College degree,Asian,Yes,No,No,No,Yes,No,No,Yes,No,No,No,,,,,,,,,,,7
2020-07-26 10:44:18,2020-07-26 10:50:52,IP Address,24.21.121.141,100,394,True,2020-07-26 10:50:53,R_s5yhDV8qLtb49Yl,,,,,45.4998016357421875,-122.9586029052734375,anonymous,EN,0.90000000000000002220446049250313080847263336181640625,Male,No,No,No,Married,English,> $250000,21-40,Democrat,Graduate degree,Other,No,No,Yes,No,Yes,No,No,Yes,Yes,No,No,,,,,,,,,,,9
2020-07-26 10:52:22,2020-07-26 10:57:44,IP Address,71.202.19.29,100,321,True,2020-07-26 10:57:44,R_28FAYlzE0865fWy,,,,,37.3511962890625,-121.8845977783203125,anonymous,EN,0.90000000000000002220446049250313080847263336181640625,Male,No,No,No,Married,English,> $250000,21-40,Other,Graduate degree,Asian,Yes,,,,,,,,,,,Yes,Yes,No,Yes,No,No,No,No,No,No,8
2020-07-26 10:59:30,2020-07-26 11:06:49,IP Address,66.90.203.59,100,439,True,2020-07-26 11:06:50,R_3ku2YpdP2aebOJV,,,,,31.068206787109375,-97.391998291015625,anonymous,EN,0.90000000000000002220446049250313080847263336181640625,Male,Yes,Yes,Yes,Married,English,$150000 - $250000,21-40,Republican,Graduate degree,Caucasian,Yes,,,,,,,,,,,Yes,Yes,No,Yes,Yes,No,No,No,No,No,7
2020-07-26 11:08:33,2020-07-26 11:12:13,IP Address,162.203.155.234,100,219,True,2020-07-26 11:12:13,R_3MKAQf8pv7i1YIv,,,,,34.0469970703125,-118.27500152587890625,anonymous,EN,0.90000000000000002220446049250313080847263336181640625,Female,No,No,No,Single,English,$60000 - $150000,21-40,Other,College degree,Other,Yes,Yes,Yes,No,Yes,No,No,No,No,No,No,,,,,,,,,,,8
2020-07-26 11:30:59,2020-07-26 11:33:21,IP Address,70.172.156.171,100,141,True,2020-07-26 11:33:21,R_3G1Ee98fimQNLd2,,,,,41.686798095703125,-72.72480010986328125,anonymous,EN,0.90000000000000002220446049250313080847263336181640625,Male,No,No,No,Married,English,$60000 - $150000,21-40,Other,Graduate degree,Asian,No,,,,,,,,,,,Yes,Yes,No,Yes,No,No,Yes,Yes,No,No,10
2020-07-26 11:56:49,2020-07-26 11:59:59,IP Address,73.202.175.39,100,190,True,2020-07-26 11:59:59,R_2zIyhHbTsp0Jt0l,,,,,37.795806884765625,-122.4203033447265625,anonymous,EN,0.90000000000000002220446049250313080847263336181640625,Male,Yes,Yes,Yes,Single,English,$150000 - $250000,21-40,Democrat,Graduate degree,Caucasian,Yes,No,Yes,No,Yes,No,No,Yes,Yes,No,No,,,,,,,,,,,9
2020-07-26 12:13:30,2020-07-26 12:16:54,IP Address,73.202.203.132,100,203,True,2020-07-26 12:16:54,R_XAKN65A0WVAAze1,,,,,37.3209075927734375,-121.91259765625,anonymous,EN,0.90000000000000002220446049250313080847263336181640625,Male,Yes,No,No,Seperated,English,> $250000,41-60,Other,Graduate degree,Asian,Yes,,,,,,,,,,,No,No,No,Yes,Yes,No,Yes,Yes,No,No,7
2020-07-26 12:30:00,2020-07-26 12:34:09,IP Address,76.102.140.168,100,248,True,2020-07-26 12:34:09,R_1jBZ3r3M92WpCMU,,,,,37.5890045166015625,-122.0460968017578125,anonymous,EN,0.90000000000000002220446049250313080847263336181640625,Male,No,No,No,Married,English,> $250000,21-40,Democrat,Graduate degree,Asian,Yes,Yes,Yes,No,No,No,No,No,Yes,No,No,,,,,,,,,,,8
2020-07-26 12:55:04,2020-07-26 12:58:01,IP Address,76.102.140.168,100,177,True,2020-07-26 12:58:01,R_272VWzwMcZV4qzq,,,,,37.5890045166015625,-122.0460968017578125,anonymous,EN,0.90000000000000002220446049250313080847263336181640625,Female,No,No,No,Married,English,> $250000,21-40,Democrat,Graduate degree,Asian,Yes,,,,,,,,,,,No,Yes,No,Yes,No,No,Yes,No,No,No,8
2020-07-26 14:01:35,2020-07-26 14:04:45,IP Address,24.4.4.159,100,189,True,2020-07-26 14:04:45,R_2sTmDtGQ0nMEJYI,,,,,37.341705322265625,-121.9752960205078125,anonymous,EN,0.90000000000000002220446049250313080847263336181640625,Male,No,No,No,Married,English,$60000 - $150000,21-40,Democrat,Graduate degree,Asian,No,No,Yes,No,Yes,No,Yes,Yes,No,No,No,,,,,,,,,,,7
2020-07-26 15:50:23,2020-07-26 15:53:07,IP Address,73.15.209.123,100,164,True,2020-07-26 15:53:07,R_1M5TAnAEci6fqS2,,,,,37.5625,-122.000396728515625,anonymous,EN,0.90000000000000002220446049250313080847263336181640625,Female,No,No,No,Married,English,$150000 - $250000,21-40,Democrat,Graduate degree,Asian,Yes,,,,,,,,,,,No,Yes,No,Yes,No,No,Yes,Yes,No,No,9
2020-07-26 17:26:11,2020-07-26 18:48:13,IP Address,63.246.134.96,100,4922,True,2020-07-26 18:48:14,R_3MhYUpRT7ChV5pA,,,,,39.2510986328125,-107.20439910888671875,anonymous,EN,0.90000000000000002220446049250313080847263336181640625,Male,Yes,No,Yes,Single,English,$150000 - $250000,21-40,Democrat,Graduate degree,Caucasian,No,,,,,,,,,,,No,Yes,No,No,No,No,Yes,Yes,No,No,8
2020-07-26 19:47:34,2020-07-26 19:50:59,IP Address,72.12.72.102,100,205,True,2020-07-26 19:50:59,R_3Gfxrj0Jq4QJlIt,,,,,44.374298095703125,-70.4514007568359375,anonymous,EN,0.90000000000000002220446049250313080847263336181640625,Male,Yes,No,Yes,Married,English,> $250000,41-60,Democrat,Graduate degree,Asian,No,No,No,No,Yes,No,No,Yes,No,No,No,,,,,,,,,,,7
2020-07-26 19:52:36,2020-07-26 19:57:09,IP Address,136.57.164.206,100,273,True,2020-07-26 19:57:10,R_2rpRHktfg6IKbJK,,,,,35.291595458984375,-80.820098876953125,anonymous,EN,0.90000000000000002220446049250313080847263336181640625,Female,Yes,Yes,Yes,Single,English,$60000 - $150000,21-40,Democrat,College degree,Caucasian,No,No,Yes,No,Yes,No,No,Yes,No,No,No,,,,,,,,,,,8
2020-07-26 20:00:42,2020-07-26 20:03:38,IP Address,47.149.105.87,100,176,True,2020-07-26 20:03:38,R_SWabdI9uiXOtwaJ,,,,,34.039306640625,-117.1725006103515625,anonymous,EN,0.90000000000000002220446049250313080847263336181640625,Male,Yes,Yes,Yes,Single,English,$60000 - $150000,21-40,Democrat,Graduate degree,Hispanic / Latinx,No,,,,,,,,,,,Yes,Yes,No,Yes,No,No,Yes,No,No,No,9
2020-07-26 19:55:40,2020-07-26 20:04:46,IP Address,108.95.4.25,100,546,True,2020-07-26 20:04:46,R_PCBUyVY3fjIpMwp,,,,,32.80029296875,-117.243804931640625,anonymous,EN,0.90000000000000002220446049250313080847263336181640625,Female,Yes,Yes,Yes,Married,English,$150000 - $250000,41-60,Other,College degree,Caucasian,Yes,,,,,,,,,,,Yes,Yes,No,No,No,No,Yes,Yes,No,No,9
2020-07-26 20:01:57,2020-07-26 20:04:47,IP Address,99.155.64.178,100,170,True,2020-07-26 20:04:47,R_87jTZdMMXhMUCkx,,,,,32.925994873046875,-96.9665985107421875,anonymous,EN,0.90000000000000002220446049250313080847263336181640625,Male,Yes,Yes,Yes,Single,English,$60000 - $150000,21-40,Democrat,Graduate degree,Hispanic / Latinx,No,,,,,,,,,,,Yes,Yes,No,Yes,Yes,No,Yes,No,No,No,8
2020-07-26 20:04:03,2020-07-26 20:06:13,IP Address,47.154.109.53,100,130,True,2020-07-26 20:06:13,R_28LLdyKUrJ57UCR,,,,,34.0084991455078125,-117.8135986328125,anonymous,EN,0.90000000000000002220446049250313080847263336181640625,Female,No,No,No,Widowed,English,> $250000,61+,Republican,Less than high school,Caucasian,No,No,No,Yes,No,No,Yes,No,No,Yes,Yes,,,,,,,,,,,1
2020-07-26 20:01:23,2020-07-26 20:11:46,IP Address,136.24.23.150,100,622,True,2020-07-26 20:11:46,R_9uhdnqreGx4OzbH,,,,,37.769500732421875,-122.3849945068359375,anonymous,EN,0.90000000000000002220446049250313080847263336181640625,Male,No,No,No,Married,Other,> $250000,41-60,Democrat,Graduate degree,Asian,Yes,Yes,No,No,Yes,No,No,Yes,No,No,No,,,,,,,,,,,8
2020-07-26 20:25:22,2020-07-26 20:28:38,IP Address,17.150.208.175,100,196,True,2020-07-26 20:28:39,R_3PRGK8xqM8fWtCc,,,,,37.5337066650390625,-122.028900146484375,anonymous,EN,0.90000000000000002220446049250313080847263336181640625,Female,No,No,No,Married,English,> $250000,41-60,Democrat,Graduate degree,Asian,No,Yes,Yes,No,Yes,Yes,No,Yes,No,No,No,,,,,,,,,,,8
2020-07-26 20:24:14,2020-07-26 20:29:03,IP Address,76.14.182.99,100,289,True,2020-07-26 20:29:03,R_1F4BeWln1TDne6R,,,,,37.6537933349609375,-122.4257049560546875,anonymous,EN,0.90000000000000002220446049250313080847263336181640625,Female,Yes,Yes,Yes,Married,English,> $250000,21-40,Other,Graduate degree,Caucasian,Yes,,,,,,,,,,,Yes,Yes,No,Yes,Yes,No,Yes,No,No,No,8
2020-07-26 20:43:34,2020-07-26 20:48:18,IP Address,162.195.243.55,100,283,True,2020-07-26 20:48:18,R_vpBNSbRTsu1YJs5,,,,,37.294097900390625,-121.89959716796875,anonymous,EN,0.90000000000000002220446049250313080847263336181640625,Male,Yes,Yes,Yes,Single,English,$60000 - $150000,21-40,Other,Graduate degree,Asian,Yes,No,No,No,Yes,No,No,Yes,No,No,No,,,,,,,,,,,7
2020-07-26 20:41:59,2020-07-26 20:52:07,IP Address,76.231.25.115,100,608,True,2020-07-26 20:52:07,R_2SuTmnkFoS6Ivoq,,,,,37.5625,-122.000396728515625,anonymous,EN,0.90000000000000002220446049250313080847263336181640625,Female,Yes,No,No,Married,English,> $250000,21-40,Democrat,Graduate degree,Asian,No,,,,,,,,,,,No,Yes,No,Yes,No,No,Yes,Yes,No,No,9
2020-07-26 20:55:39,2020-07-26 20:59:52,IP Address,136.52.125.199,100,252,True,2020-07-26 20:59:52,R_29msZrcmUDMLBmr,,,,,33.7389068603515625,-117.7480010986328125,anonymous,EN,0.90000000000000002220446049250313080847263336181640625,Female,Yes,Yes,Yes,Divorced,English,< $60000,41-60,Other,Some college,Caucasian,Yes,,,,,,,,,,,Yes,No,No,Yes,No,No,Yes,No,No,No,8
2020-07-26 21:44:13,2020-07-26 21:46:55,IP Address,98.33.59.148,100,162,True,2020-07-26 21:46:55,R_3RggBWgPEUciHSO,,,,,37.7200927734375,-122.44139862060546875,anonymous,EN,0.90000000000000002220446049250313080847263336181640625,Male,Yes,Yes,Yes,Single,English,$150000 - $250000,21-40,Republican,College degree,Asian,Yes,,,,,,,,,,,Yes,Yes,No,No,No,No,Yes,No,No,No,8
2020-07-26 21:49:03,2020-07-26 21:57:40,IP Address,73.70.124.105,100,516,True,2020-07-26 21:57:40,R_2U4Tf5lqAkKlXMB,,,,,37.5659027099609375,-122.3661041259765625,anonymous,EN,0.90000000000000002220446049250313080847263336181640625,Male,Yes,Yes,Yes,Married,English,> $250000,41-60,Democrat,Graduate degree,Caucasian,No,No,Yes,No,Yes,No,No,No,Yes,Yes,No,,,,,,,,,,,7
2020-07-26 22:11:23,2020-07-26 22:14:45,IP Address,73.223.22.124,100,202,True,2020-07-26 22:14:45,R_32PXjsWspJVIqiD,,,,,37.347900390625,-121.85269927978515625,anonymous,EN,0.90000000000000002220446049250313080847263336181640625,Female,No,No,No,Married,English,> $250000,21-40,Democrat,Graduate degree,Caucasian,Yes,No,Yes,No,No,No,No,No,Yes,No,No,,,,,,,,,,,7
2020-07-26 22:16:05,2020-07-26 22:19:43,IP Address,24.5.66.232,100,218,True,2020-07-26 22:19:44,R_OHJrpDR63ETIWbf,,,,,37.7505950927734375,-122.41210174560546875,anonymous,EN,0.90000000000000002220446049250313080847263336181640625,Male,No,No,No,Married,Other,$150000 - $250000,21-40,Other,Graduate degree,Caucasian,No,,,,,,,,,,,Yes,Yes,No,Yes,No,No,Yes,No,No,No,9
2020-07-26 22:27:36,2020-07-26 22:48:14,IP Address,157.131.165.124,100,1238,True,2020-07-26 22:48:15,R_24GFQSFuddB4Ix3,,,,,37.928497314453125,-121.6880950927734375,anonymous,EN,0.90000000000000002220446049250313080847263336181640625,,Yes,Yes,Yes,Married,English,> $250000,21-40,Democrat,College degree,Asian,Yes,No,No,No,No,No,No,Yes,Yes,No,No,,,,,,,,,,,7
2020-07-26 22:49:08,2020-07-26 22:51:44,IP Address,73.223.127.149,100,156,True,2020-07-26 22:51:44,R_26m3h3XXJyQDxg9,,,,,37.5659027099609375,-122.3661041259765625,anonymous,EN,0.90000000000000002220446049250313080847263336181640625,Female,No,No,No,Married,English,> $250000,21-40,Democrat,Graduate degree,Asian,Yes,,,,,,,,,,,Yes,No,No,Yes,Yes,No,Yes,No,No,No,7
2020-07-26 23:04:20,2020-07-26 23:09:11,IP Address,72.222.232.198,100,290,True,2020-07-26 23:09:11,R_1LAQXt7SVmt94Ct,,,,,33.700103759765625,-111.88770294189453125,anonymous,EN,0.90000000000000002220446049250313080847263336181640625,Female,Yes,Yes,Yes,Married,English,> $250000,41-60,Republican,College degree,Asian,No,,,,,,,,,,,Yes,Yes,No,Yes,Yes,No,No,No,No,No,7
2020-07-27 06:34:57,2020-07-27 06:36:48,IP Address,108.20.173.173,100,110,True,2020-07-27 06:36:48,R_1gu9zZNBKx4cByr,,,,,42.310394287109375,-71.27410125732421875,anonymous,EN,0.90000000000000002220446049250313080847263336181640625,Male,Yes,Yes,Yes,Married,English,> $250000,41-60,Republican,College degree,Caucasian,No,Yes,Yes,Yes,Yes,No,No,Yes,No,No,No,,,,,,,,,,,8
2020-07-27 06:38:04,2020-07-27 06:40:14,IP Address,220.245.79.205,100,129,True,2020-07-27 06:40:15,R_2zkbmnsCNWXW0tv,,,,,-33.859100341796875,151.2001953125,anonymous,EN,0.90000000000000002220446049250313080847263336181640625,Male,Yes,No,No,Single,English,$60000 - $150000,0-20,Other,High school graduate,Caucasian,Yes,,,,,,,,,,,No,Yes,No,No,No,No,Yes,Yes,No,No,8
2020-07-27 07:07:53,2020-07-27 07:12:25,IP Address,173.56.241.139,100,271,True,2020-07-27 07:12:25,R_PYGittnpgEq2STT,,,,,40.7427978515625,-73.97119903564453125,anonymous,EN,0.90000000000000002220446049250313080847263336181640625,Male,Yes,Yes,Yes,Married,English,$60000 - $150000,21-40,Democrat,College degree,Asian,No,No,Yes,No,Yes,Yes,No,Yes,Yes,No,No,,,,,,,,,,,8
2020-07-27 07:29:32,2020-07-27 07:33:01,IP Address,71.198.173.42,100,208,True,2020-07-27 07:33:01,R_yTJ6tFIMarNg7Yt,,,,,37.9268951416015625,-122.331298828125,anonymous,EN,0.90000000000000002220446049250313080847263336181640625,Male,Yes,Yes,Yes,Married,English,$150000 - $250000,41-60,Democrat,Graduate degree,Caucasian,No,,,,,,,,,,,Yes,Yes,No,Yes,Yes,No,Yes,Yes,No,No,9
2020-07-27 07:54:21,2020-07-27 07:55:58,IP Address,73.100.17.197,100,97,True,2020-07-27 07:55:58,R_2a93TKYmWd2W3m2,,,,,42.3291015625,-71.1815032958984375,anonymous,EN,0.90000000000000002220446049250313080847263336181640625,Female,Yes,Yes,Yes,Single,English,$150000 - $250000,21-40,Democrat,College degree,Caucasian,Yes,No,Yes,No,No,No,No,Yes,Yes,No,No,,,,,,,,,,,8
2020-07-27 08:29:27,2020-07-27 08:34:03,IP Address,163.114.132.3,100,275,True,2020-07-27 08:34:03,R_DdS1n6VtnwrGvuh,,,,,37.4828033447265625,-122.2144012451171875,anonymous,EN,0.90000000000000002220446049250313080847263336181640625,Female,No,No,No,Single,English,$60000 - $150000,21-40,Other,Graduate degree,Asian,No,,,,,,,,,,,No,Yes,No,Yes,No,No,Yes,Yes,No,No,9
2020-07-27 09:18:49,2020-07-27 09:21:19,IP Address,174.204.77.6,100,149,True,2020-07-27 09:21:19,R_1mpX8jRgZkPWiIv,,,,,47.4972991943359375,-122.355499267578125,anonymous,EN,0.90000000000000002220446049250313080847263336181640625,Female,Yes,Yes,Yes,Single,English,$150000 - $250000,21-40,Democrat,College degree,Caucasian,Yes,Yes,Yes,No,Yes,No,No,Yes,Yes,No,No,,,,,,,,,,,10
2020-07-27 09:34:59,2020-07-27 09:38:06,IP Address,69.181.36.22,100,186,True,2020-07-27 09:38:06,R_Xj657FMQhX2pvrP,,,,,37.89190673828125,-122.2635955810546875,anonymous,EN,0.90000000000000002220446049250313080847263336181640625,Female,Yes,Yes,Yes,Single,English,$150000 - $250000,21-40,Democrat,College degree,Caucasian,No,No,No,No,No,Yes,No,Yes,No,No,Yes,,,,,,,,,,,4
2020-07-27 10:19:07,2020-07-27 10:22:18,IP Address,99.8.66.40,100,190,True,2020-07-27 10:22:18,R_3ElGjhxhnEEF1dW,,,,,37.813507080078125,-121.9658050537109375,anonymous,EN,0.90000000000000002220446049250313080847263336181640625,Female,Yes,No,Yes,Single,English,< $60000,21-40,Democrat,College degree,Caucasian,Yes,,,,,,,,,,,Yes,Yes,No,Yes,No,No,Yes,Yes,No,No,10
2020-07-27 11:16:00,2020-07-27 11:20:54,IP Address,184.103.156.208,100,294,True,2020-07-27 11:20:54,R_6DLf6asvsWTe6gV,,,,,33.636199951171875,-112.09079742431640625,anonymous,EN,0.90000000000000002220446049250313080847263336181640625,Male,No,No,No,Married,Chinese,$150000 - $250000,21-40,Other,Graduate degree,Asian,Yes,No,Yes,No,Yes,No,No,Yes,No,No,No,,,,,,,,,,,8
2020-07-27 11:19:08,2020-07-27 11:22:48,IP Address,73.25.26.126,100,220,True,2020-07-27 11:22:49,R_1Ic6sEIEwAtfnXs,,,,,45.46099853515625,-122.7052001953125,anonymous,EN,0.90000000000000002220446049250313080847263336181640625,Female,No,No,No,Married,English,> $250000,21-40,Democrat,Graduate degree,Asian,Yes,,,,,,,,,,,No,Yes,No,Yes,Yes,Yes,No,No,No,Yes,4
2020-07-27 11:24:13,2020-07-27 11:27:18,IP Address,24.46.212.90,100,185,True,2020-07-27 11:27:18,R_3J1MvMCwNtnXT7u,,,,,40.6649932861328125,-73.952301025390625,anonymous,EN,0.90000000000000002220446049250313080847263336181640625,Female,Yes,Yes,Yes,Single,English,< $60000,21-40,Democrat,College degree,Caucasian,No,No,Yes,No,Yes,No,No,No,No,No,No,,,,,,,,,,,7
2020-07-27 11:33:02,2020-07-27 11:36:35,IP Address,70.112.171.204,100,213,True,2020-07-27 11:36:35,R_1pEvS4Esl9RhtK1,,,,,30.3773040771484375,-97.70999908447265625,anonymous,EN,0.90000000000000002220446049250313080847263336181640625,Female,Yes,Yes,Yes,Single,English,$150000 - $250000,21-40,Democrat,Graduate degree,Caucasian,Yes,,,,,,,,,,,No,Yes,Yes,Yes,No,No,Yes,Yes,No,No,8
2020-07-27 11:41:16,2020-07-27 11:43:17,IP Address,73.105.24.144,100,121,True,2020-07-27 11:43:17,R_1NzwoT4HYaiAs9U,,,,,30.1172027587890625,-81.41190338134765625,anonymous,EN,0.6999999999999999555910790149937383830547332763671875,Female,Yes,No,No,Single,English,$60000 - $150000,0-20,Democrat,Some college,Asian,No,No,Yes,No,Yes,Yes,No,Yes,Yes,No,No,,,,,,,,,,,8
2020-07-27 11:53:06,2020-07-27 11:57:50,IP Address,73.105.39.47,100,284,True,2020-07-27 11:57:50,R_3pbeRQcjNsBtfyU,,,,,29.9474945068359375,-81.526397705078125,anonymous,EN,0.90000000000000002220446049250313080847263336181640625,Male,Yes,No,No,Single,English,$150000 - $250000,0-20,Republican,College degree,Asian,Yes,,,,,,,,,,,Yes,Yes,No,No,No,No,Yes,Yes,No,No,9
2020-07-27 12:33:37,2020-07-27 12:37:08,IP Address,208.92.45.7,100,211,True,2020-07-27 12:37:08,R_3O8H5Vg2yxHCx7F,,,,,40.6876983642578125,-73.92669677734375,anonymous,EN,0.90000000000000002220446049250313080847263336181640625,Female,Yes,Yes,No,Married,English,> $250000,21-40,Democrat,College degree,Caucasian,Yes,Yes,No,No,Yes,No,No,Yes,Yes,No,No,,,,,,,,,,,9
2020-07-27 13:02:21,2020-07-27 13:06:03,IP Address,74.64.206.46,100,222,True,2020-07-27 13:06:03,R_2mBRwRFyfqrgLFn,,,,,40.7819976806640625,-73.99530029296875,anonymous,EN,0.299999999999999988897769753748434595763683319091796875,Male,Yes,Yes,Yes,Single,English,$60000 - $150000,21-40,Democrat,College degree,Caucasian,Yes,,,,,,,,,,,No,Yes,No,Yes,No,No,Yes,Yes,No,No,9
2020-07-27 13:18:37,2020-07-27 13:22:11,IP Address,5.68.142.2,100,214,True,2020-07-27 13:22:11,R_2vjGm07XuOZ3Y4p,,,,,51.523895263671875,0.5764007568359375,anonymous,EN,0.6999999999999999555910790149937383830547332763671875,Male,No,No,No,Single,English,< $60000,0-20,Other,Some college,Caucasian,No,No,Yes,No,Yes,Yes,No,Yes,Yes,No,No,,,,,,,,,,,8
2020-07-27 14:09:11,2020-07-27 14:12:08,IP Address,47.186.80.164,100,176,True,2020-07-27 14:12:08,R_2sSditymScGhDgn,,,,,33.003204345703125,-96.54340362548828125,anonymous,EN,0.90000000000000002220446049250313080847263336181640625,Female,Yes,Yes,No,Married,English,$150000 - $250000,41-60,Other,Graduate degree,Asian,Yes,,,,,,,,,,,No,Yes,Yes,Yes,Yes,Yes,Yes,Yes,Yes,No,5
2020-07-27 16:13:10,2020-07-27 16:16:20,IP Address,192.55.54.38,100,189,True,2020-07-27 16:16:20,R_AnwcOpV6pJhdik9,,,,,33.4532012939453125,-112.074798583984375,anonymous,EN,0.90000000000000002220446049250313080847263336181640625,Female,No,No,No,Married,English,< $60000,21-40,Democrat,Graduate degree,Asian,No,No,No,No,Yes,No,No,Yes,Yes,No,No,,,,,,,,,,,8
2020-07-27 17:55:44,2020-07-27 17:58:40,IP Address,24.4.75.91,100,176,True,2020-07-27 17:58:40,R_2YQwLEfsFd8ZCDD,,,,,37.5496978759765625,-121.96209716796875,anonymous,EN,0.90000000000000002220446049250313080847263336181640625,Male,Yes,Yes,No,Single,English,$60000 - $150000,21-40,Democrat,College degree,Asian,Yes,Yes,Yes,No,No,Yes,No,Yes,Yes,No,No,,,,,,,,,,,8
2020-07-27 18:00:40,2020-07-27 18:07:08,IP Address,71.202.32.67,100,387,True,2020-07-27 18:07:08,R_2U2RzcntNjUxJG3,,,,,37.5625,-122.000396728515625,anonymous,EN,0.90000000000000002220446049250313080847263336181640625,Male,No,No,No,Married,Other,> $250000,21-40,Democrat,College degree,Asian,No,,,,,,,,,,,Yes,Yes,No,Yes,No,No,Yes,No,No,No,9
2020-07-27 21:01:48,2020-07-27 21:04:51,IP Address,71.63.139.235,100,182,True,2020-07-27 21:04:51,R_VVd3vvUeyxv8qNr,,,,,45.450103759765625,-122.8679962158203125,anonymous,EN,0.90000000000000002220446049250313080847263336181640625,Female,No,No,No,Married,Other,> $250000,21-40,Other,Graduate degree,Other,Yes,,,,,,,,,,,No,No,No,Yes,No,No,Yes,No,No,No,7
2020-07-28 11:02:19,2020-07-28 11:07:18,IP Address,122.172.180.149,100,298,True,2020-07-28 11:07:18,R_OJTTHQpSu1FqvjX,,,,,12.97210693359375,77.593292236328125,anonymous,EN,0.90000000000000002220446049250313080847263336181640625,Male,No,No,No,Married,English,$150000 - $250000,21-40,Other,Graduate degree,Asian,No,No,No,No,Yes,Yes,No,Yes,No,No,No,,,,,,,,,,,6
2020-07-28 11:47:53,2020-07-28 11:52:41,IP Address,50.39.135.200,100,287,True,2020-07-28 11:52:41,R_3kaEhWqjuFBygJi,,,,,45.496002197265625,-122.7998046875,anonymous,EN,0.90000000000000002220446049250313080847263336181640625,Female,Yes,No,No,Married,English,$60000 - $150000,21-40,Democrat,Graduate degree,Asian,No,No,Yes,No,Yes,Yes,No,Yes,Yes,No,No,,,,,,,,,,,8
2020-07-28 11:50:11,2020-07-28 11:54:00,IP Address,24.4.26.217,100,228,True,2020-07-28 11:54:00,R_3OtdQd1dgZbpSQV,,,,,37.341705322265625,-121.9752960205078125,anonymous,EN,0.90000000000000002220446049250313080847263336181640625,Female,Yes,Yes,Yes,Single,English,$60000 - $150000,21-40,Democrat,College degree,Caucasian,Yes,,,,,,,,,,,No,Yes,No,Yes,Yes,No,Yes,Yes,No,No,8
2020-07-28 12:09:49,2020-07-28 12:14:41,IP Address,98.234.86.208,100,291,True,2020-07-28 12:14:41,R_1OH6jEET3pDwNd7,,,,,37.795806884765625,-122.4203033447265625,anonymous,EN,0.90000000000000002220446049250313080847263336181640625,Female,Yes,Yes,Yes,Single,English,$60000 - $150000,21-40,Democrat,College degree,Caucasian,No,,,,,,,,,,,Yes,Yes,No,Yes,No,No,Yes,Yes,No,No,10
2020-07-28 12:50:26,2020-07-28 12:53:40,IP Address,64.135.105.209,100,193,True,2020-07-28 12:53:40,R_77BxO1WbQ94NmkF,,,,,26.8238067626953125,-80.1407012939453125,anonymous,EN,0.90000000000000002220446049250313080847263336181640625,Male,Yes,Yes,Yes,Married,English,> $250000,41-60,Republican,Graduate degree,Caucasian,Yes,Yes,Yes,No,Yes,No,No,Yes,Yes,No,No,,,,,,,,,,,10
2020-07-28 15:59:19,2020-07-28 16:01:36,IP Address,73.192.180.229,100,137,True,2020-07-28 16:01:37,R_3MutoF9oADUsk3X,,,,,38.6710968017578125,-121.149505615234375,anonymous,EN,0.90000000000000002220446049250313080847263336181640625,Female,No,No,No,Married,English,$150000 - $250000,21-40,Democrat,Graduate degree,Asian,No,No,Yes,No,No,No,No,Yes,No,No,No,,,,,,,,,,,7
2020-07-28 18:12:04,2020-07-28 18:14:38,IP Address,76.103.219.78,100,153,True,2020-07-28 18:14:38,R_1MZ1c1r3Iz2eirO,,,,,37.2449951171875,-121.9541015625,anonymous,EN,0.90000000000000002220446049250313080847263336181640625,Male,Yes,Yes,Yes,Married,English,> $250000,21-40,Other,Graduate degree,Caucasian,No,Yes,Yes,No,Yes,No,No,Yes,Yes,No,No,,,,,,,,,,,10
2020-07-29 01:22:43,2020-07-29 01:26:53,IP Address,193.188.121.35,100,250,True,2020-07-29 01:26:53,R_31Nq7Kv3JYGxWC9,,,,,26.240997314453125,50.5778961181640625,anonymous,EN,0.90000000000000002220446049250313080847263336181640625,Male,No,No,No,Single,Other,< $60000,0-20,Other,High school graduate,Asian,No,,,,,,,,,,,No,Yes,No,Yes,No,No,Yes,No,No,No,8
2020-07-29 07:13:14,2020-07-29 07:16:01,IP Address,184.153.52.133,100,167,True,2020-07-29 07:16:02,R_1E09AnkItCcKBJm,,,,,40.781005859375,-73.950103759765625,anonymous,EN,0.90000000000000002220446049250313080847263336181640625,Female,Yes,Yes,Yes,Single,English,$60000 - $150000,21-40,Democrat,College degree,Caucasian,Yes,No,Yes,No,Yes,Yes,No,Yes,No,No,No,,,,,,,,,,,7
2020-07-29 09:11:33,2020-07-29 10:54:16,IP Address,106.51.72.17,100,6162,True,2020-07-29 10:54:16,R_21GnDsGqKPxE290,,,,,12.97210693359375,77.593292236328125,anonymous,EN,0.90000000000000002220446049250313080847263336181640625,Male,No,No,No,Married,English,< $60000,21-40,Other,College degree,Asian,No,,,,,,,,,,,No,No,No,No,No,No,Yes,No,No,No,6
2020-07-29 13:21:31,2020-07-29 13:24:47,IP Address,155.186.108.50,100,195,True,2020-07-29 13:24:48,R_3GlCFUWS3DXB4oV,,,,,34.14410400390625,-117.58050537109375,anonymous,EN,0.90000000000000002220446049250313080847263336181640625,Male,Yes,Yes,Yes,Single,English,$150000 - $250000,21-40,Democrat,Graduate degree,Other,Yes,,,,,,,,,,,Yes,Yes,No,No,Yes,No,Yes,No,No,No,7
2020-07-29 13:56:07,2020-07-29 14:00:17,IP Address,192.55.54.38,100,249,True,2020-07-29 14:00:17,R_1Kf2qYSakW3GCie,,,,,33.4532012939453125,-112.074798583984375,anonymous,EN,0.90000000000000002220446049250313080847263336181640625,Male,Yes,No,Yes,Married,English,> $250000,41-60,Other,Graduate degree,Asian,Yes,No,Yes,No,No,No,No,Yes,Yes,No,No,,,,,,,,,,,8
2020-07-29 16:20:03,2020-07-29 16:22:08,IP Address,148.76.109.230,100,124,True,2020-07-29 16:22:08,R_3q4QQvuxC18xweR,,,,,40.67529296875,-74.22750091552734375,anonymous,EN,0.90000000000000002220446049250313080847263336181640625,Female,Yes,No,No,Married,English,$150000 - $250000,21-40,Democrat,Graduate degree,Asian,Yes,No,Yes,No,Yes,Yes,No,Yes,Yes,No,No,,,,,,,,,,,8
2020-07-29 17:12:11,2020-07-29 17:15:00,IP Address,71.198.21.43,100,168,True,2020-07-29 17:15:00,R_OvBbplcBUYc2kXD,,,,,37.7469940185546875,-122.43890380859375,anonymous,EN,0.90000000000000002220446049250313080847263336181640625,Female,Yes,Yes,Yes,Married,English,$150000 - $250000,21-40,Democrat,College degree,Asian,Yes,,,,,,,,,,,No,No,No,No,Yes,No,Yes,No,No,No,5
2020-07-29 17:12:18,2020-07-29 17:23:13,IP Address,174.204.210.96,100,655,True,2020-07-29 17:23:14,R_1Cm3GkDwpxApKhA,,,,,45.5330963134765625,-122.703704833984375,anonymous,EN,0.90000000000000002220446049250313080847263336181640625,Female,Yes,Yes,Yes,Single,English,$60000 - $150000,21-40,Democrat,College degree,Caucasian,Yes,Yes,Yes,No,Yes,No,No,Yes,Yes,No,No,,,,,,,,,,,10
2020-07-29 18:30:59,2020-07-29 18:36:11,IP Address,100.38.26.92,100,312,True,2020-07-29 18:36:11,R_8q21Hrw9ejDI5jj,,,,,40.664306640625,-73.9763031005859375,anonymous,EN,0.90000000000000002220446049250313080847263336181640625,Male,Yes,No,No,Married,English,> $250000,41-60,Democrat,College degree,Asian,No,,,,,,,,,,,Yes,Yes,No,Yes,Yes,No,Yes,No,No,No,8
2020-07-29 19:41:21,2020-07-29 19:45:22,IP Address,76.98.58.73,100,241,True,2020-07-29 19:45:22,R_1CwhRiiJGqgBImf,,,,,40.1215057373046875,-75.32689666748046875,anonymous,EN,0.90000000000000002220446049250313080847263336181640625,Female,Yes,Yes,Yes,Married,English,> $250000,21-40,Republican,College degree,Caucasian,No,,,,,,,,,,,No,Yes,No,No,Yes,No,No,Yes,No,No,6
2020-07-29 19:49:44,2020-07-29 19:53:43,IP Address,98.210.209.70,100,239,True,2020-07-29 19:53:44,R_2V7UTUZ7HSCkJiW,,,,,37.39739990234375,-122.00099945068359375,anonymous,EN,0.90000000000000002220446049250313080847263336181640625,Male,Yes,Yes,Yes,Married,English,> $250000,21-40,Republican,Graduate degree,Asian,Yes,No,No,No,Yes,Yes,No,No,No,Yes,No,,,,,,,,,,,4
2020-07-29 20:24:15,2020-07-29 20:31:12,IP Address,69.215.148.62,100,416,True,2020-07-29 20:31:12,R_27ydmiHJWNQx6ZM,,,,,37.783294677734375,-122.49520111083984375,anonymous,EN,0.90000000000000002220446049250313080847263336181640625,Female,Yes,Yes,Yes,Married,English,$150000 - $250000,21-40,Democrat,College degree,Asian,Yes,,,,,,,,,,,No,Yes,No,Yes,No,No,Yes,Yes,No,No,9
2020-07-29 21:42:25,2020-07-29 21:49:51,IP Address,198.27.188.52,100,446,True,2020-07-29 21:49:52,R_1NC9f5OD7ZY3hr0,,,,,37.7505950927734375,-122.41210174560546875,anonymous,EN,0.90000000000000002220446049250313080847263336181640625,Male,Yes,No,Yes,Single,English,$150000 - $250000,21-40,Democrat,Graduate degree,Caucasian,No,Yes,Yes,No,Yes,No,No,Yes,No,No,No,,,,,,,,,,,9
2020-07-30 11:27:38,2020-07-30 11:31:03,IP Address,82.28.154.58,100,205,True,2020-07-30 11:31:04,R_WeZbptdrxyGIPbX,,,,,51.45660400390625,-0.9680023193359375,anonymous,EN,0.90000000000000002220446049250313080847263336181640625,Female,No,No,No,Single,English,< $60000,0-20,Democrat,Less than high school,Black / African,Yes,No,Yes,No,No,Yes,No,Yes,Yes,No,No,,,,,,,,,,,7
2020-07-30 22:51:38,2020-07-30 22:54:17,IP Address,70.176.194.248,100,159,True,2020-07-30 22:54:17,R_12fBnxOGIFzc99c,,,,,33.43060302734375,-111.92559814453125,anonymous,EN,0.90000000000000002220446049250313080847263336181640625,Female,Yes,No,No,Single,English,< $60000,21-40,Democrat,College degree,Caucasian,No,,,,,,,,,,,No,Yes,Yes,No,No,No,Yes,No,Yes,No,5
2020-07-31 13:52:57,2020-07-31 13:56:44,IP Address,182.77.71.240,100,227,True,2020-07-31 13:56:44,R_Q0KRuw5UVXhXDnH,,,,,22.7162933349609375,75.83160400390625,anonymous,EN,0.90000000000000002220446049250313080847263336181640625,Female,No,No,No,Single,English,$150000 - $250000,21-40,Democrat,College degree,Asian,Yes,No,Yes,No,Yes,No,No,Yes,Yes,No,No,,,,,,,,,,,9
2020-08-01 08:02:14,2020-08-01 08:06:06,IP Address,106.197.249.5,100,231,True,2020-08-01 08:06:06,R_3oziLurBHJ6TF09,,,,,12.97210693359375,77.593292236328125,anonymous,EN,0.90000000000000002220446049250313080847263336181640625,Female,Yes,Yes,Yes,Married,English,$60000 - $150000,41-60,Democrat,Graduate degree,Asian,Yes,,,,,,,,,,,No,Yes,No,Yes,No,No,No,No,Yes,No,6
